STATE,COUNTY,#e-filed returns
1,1,36.0
1,3,105.0
1,5,26.0
1,7,64.0
1,9,233.0
1,11,2.0
1,13,4.0
1,15,70.0
1,17,15.0
1,19,24.0
1,21,67.0
1,23,0.0
1,25,3.0
1,27,59.0
1,29,33.0
1,31,91.0
1,33,31.0
1,35,60.0
1,37,96.0
1,39,6.0
1,41,4.0
1,43,77.0
1,45,138.0
1,47,15.0
1,49,40.0
1,51,89.0
1,53,53.0
1,55,36.0
1,57,2.0
1,59,22.0
1,61,54.0
1,63,3.0
1,65,8.0
1,67,46.0
1,69,86.0
1,71,19.0
1,73,857.0
1,75,7.0
1,77,12.0
1,79,25.0
1,81,66.0
1,83,66.0
1,85,4.0
1,87,47.0
1,89,167.0
1,91,5.0
1,93,15.0
1,95,126.0
1,97,235.0
1,99,60.0
1,101,62.0
1,103,29.0
1,105,20.0
1,107,1.0
1,109,17.0
1,111,30.0
1,113,35.0
1,115,152.0
1,117,374.0
1,119,1.0
1,121,94.0
1,123,59.0
1,125,120.0
1,127,54.0
1,129,4.0
1,131,7.0
1,133,11.0
2,13,2.0
2,16,1.0
2,20,306.0
2,50,70.0
2,60,0.0
2,68,0.0
2,70,0.0
2,90,30.0
2,100,0.0
2,105,0.0
2,110,6.0
2,122,27.0
2,130,2.0
2,150,0.0
2,164,0.0
2,170,19.0
2,180,2.0
2,185,0.0
2,188,0.0
2,195,0.0
2,198,6.0
2,220,3.0
2,230,0.0
2,240,0.0
2,261,1.0
2,270,1.0
2,275,0.0
2,282,0.0
2,290,18.0
4,1,108.0
4,3,29.0
4,5,96.0
4,7,13.0
4,9,7.0
4,11,2.0
4,12,1.0
4,13,2616.0
4,15,45.0
4,17,106.0
4,19,917.0
4,21,373.0
4,23,20.0
4,25,42.0
4,27,239.0
5,1,4.0
5,3,1.0
5,5,18.0
5,7,531.0
5,9,43.0
5,11,3.0
5,13,8.0
5,15,43.0
5,17,10.0
5,19,9.0
5,21,1.0
5,23,24.0
5,25,44.0
5,27,1.0
5,29,13.0
5,31,58.0
5,33,48.0
5,35,9.0
5,37,6.0
5,39,9.0
5,41,13.0
5,43,18.0
5,45,165.0
5,47,34.0
5,49,2.0
5,51,8.0
5,53,77.0
5,55,48.0
5,57,4.0
5,59,44.0
5,61,2.0
5,63,7.0
5,65,0.0
5,67,0.0
5,69,60.0
5,71,20.0
5,73,0.0
5,75,3.0
5,77,6.0
5,79,50.0
5,81,1.0
5,83,31.0
5,85,50.0
5,87,231.0
5,89,59.0
5,91,1.0
5,93,1.0
5,95,1.0
5,97,0.0
5,99,2.0
5,101,73.0
5,103,8.0
5,105,0.0
5,107,3.0
5,109,0.0
5,111,3.0
5,113,10.0
5,115,16.0
5,117,5.0
5,119,230.0
5,121,3.0
5,123,8.0
5,125,85.0
5,127,17.0
5,129,3.0
5,131,121.0
5,133,2.0
5,135,2.0
5,137,12.0
5,139,2.0
5,141,20.0
5,143,491.0
5,145,27.0
5,147,0.0
5,149,0.0
6,1,547.0
6,3,3.0
6,5,11.0
6,7,55.0
6,9,12.0
6,11,11.0
6,13,408.0
6,15,16.0
6,17,21.0
6,19,2706.0
6,21,13.0
6,23,83.0
6,25,88.0
6,27,0.0
6,29,220.0
6,31,171.0
6,33,15.0
6,35,2.0
6,37,3184.0
6,39,124.0
6,41,59.0
6,43,13.0
6,45,28.0
6,47,136.0
6,49,2.0
6,51,2.0
6,53,1165.0
6,55,61.0
6,57,22.0
6,59,1960.0
6,61,98.0
6,63,4.0
6,65,589.0
6,67,834.0
6,69,133.0
6,71,420.0
6,73,3573.0
6,75,400.0
6,77,213.0
6,79,947.0
6,81,224.0
6,83,647.0
6,85,903.0
6,87,381.0
6,89,73.0
6,91,4.0
6,93,57.0
6,95,170.0
6,97,253.0
6,99,127.0
6,101,18.0
6,103,32.0
6,105,0.0
6,107,886.0
6,109,27.0
6,111,447.0
6,113,99.0
6,115,25.0
8,1,1116.0
8,3,60.0
8,5,1240.0
8,7,31.0
8,9,5.0
8,11,40.0
8,13,563.0
8,14,394.0
8,15,56.0
8,17,5.0
8,19,16.0
8,21,63.0
8,23,8.0
8,25,0.0
8,27,1.0
8,29,33.0
8,31,1711.0
8,33,10.0
8,35,236.0
8,37,84.0
8,39,59.0
8,41,488.0
8,43,92.0
8,45,72.0
8,47,26.0
8,49,14.0
8,51,50.0
8,53,24.0
8,55,9.0
8,57,2.0
8,59,944.0
8,61,0.0
8,63,5.0
8,65,8.0
8,67,105.0
8,69,634.0
8,71,11.0
8,73,8.0
8,75,20.0
8,77,120.0
8,79,26.0
8,81,27.0
8,83,28.0
8,85,43.0
8,87,30.0
8,89,13.0
8,91,7.0
8,93,30.0
8,95,8.0
8,97,63.0
8,99,27.0
8,101,128.0
8,103,15.0
8,105,18.0
8,107,91.0
8,109,20.0
8,111,85.0
8,113,19.0
8,115,6.0
8,117,40.0
8,119,26.0
8,121,10.0
8,123,584.0
8,125,15.0
9,1,438.0
9,3,410.0
9,5,88.0
9,7,90.0
9,9,340.0
9,11,168.0
9,13,230.0
9,15,263.0
10,1,1185.0
10,3,1720.0
10,5,705.0
11,1,370.0
12,1,187.0
12,3,7.0
12,5,45.0
12,7,50.0
12,9,269.0
12,11,160.0
12,13,4.0
12,15,70.0
12,17,31.0
12,19,107.0
12,21,86.0
12,23,35.0
12,27,35.0
12,29,0.0
12,31,500.0
12,33,214.0
12,35,32.0
12,37,5.0
12,39,1.0
12,41,23.0
12,43,10.0
12,45,0.0
12,47,0.0
12,49,30.0
12,51,56.0
12,53,76.0
12,55,24.0
12,57,896.0
12,59,4.0
12,61,128.0
12,63,1.0
12,65,6.0
12,67,0.0
12,69,207.0
12,71,318.0
12,73,81.0
12,75,31.0
12,77,2.0
12,79,5.0
12,81,118.0
12,83,111.0
12,85,89.0
12,86,207.0
12,87,37.0
12,89,15.0
12,91,50.0
12,93,11.0
12,95,706.0
12,97,172.0
12,99,478.0
12,101,266.0
12,103,406.0
12,105,382.0
12,107,81.0
12,109,53.0
12,111,77.0
12,113,76.0
12,115,220.0
12,117,166.0
12,119,32.0
12,121,17.0
12,123,3.0
12,125,2.0
12,127,114.0
12,129,6.0
12,131,28.0
12,133,11.0
13,1,22.0
13,3,4.0
13,5,18.0
13,7,20.0
13,9,29.0
13,11,14.0
13,13,62.0
13,15,144.0
13,17,3.0
13,19,11.0
13,21,93.0
13,23,18.0
13,25,8.0
13,27,19.0
13,29,40.0
13,31,66.0
13,33,12.0
13,35,12.0
13,37,10.0
13,39,8.0
13,43,10.0
13,45,115.0
13,47,48.0
13,49,0.0
13,51,300.0
13,53,6.0
13,55,13.0
13,57,276.0
13,59,55.0
13,61,0.0
13,63,252.0
13,65,0.0
13,67,306.0
13,69,42.0
13,71,9.0
13,73,48.0
13,75,6.0
13,77,70.0
13,79,26.0
13,81,0.0
13,83,2.0
13,85,32.0
13,87,7.0
13,89,385.0
13,91,18.0
13,93,0.0
13,95,45.0
13,97,75.0
13,99,6.0
13,101,4.0
13,103,44.0
13,105,8.0
13,107,27.0
13,109,9.0
13,111,2.0
13,113,41.0
13,115,29.0
13,117,194.0
13,119,19.0
13,121,570.0
13,123,10.0
13,125,2.0
13,127,16.0
13,129,17.0
13,131,14.0
13,133,64.0
13,135,369.0
13,137,4.0
13,139,70.0
13,141,28.0
13,143,33.0
13,145,17.0
13,147,15.0
13,149,84.0
13,151,137.0
13,153,59.0
13,155,3.0
13,157,56.0
13,159,13.0
13,161,12.0
13,163,2.0
13,165,0.0
13,167,4.0
13,169,59.0
13,171,15.0
13,173,5.0
13,175,9.0
13,177,32.0
13,179,39.0
13,181,2.0
13,183,43.0
13,185,48.0
13,187,18.0
13,189,14.0
13,191,3.0
13,193,10.0
13,195,22.0
13,197,35.0
13,199,34.0
13,201,6.0
13,205,11.0
13,207,34.0
13,209,8.0
13,211,14.0
13,213,27.0
13,215,105.0
13,217,118.0
13,219,81.0
13,221,29.0
13,223,156.0
13,225,33.0
13,227,37.0
13,229,20.0
13,231,14.0
13,233,16.0
13,235,2.0
13,237,31.0
13,239,0.0
13,241,4.0
13,243,0.0
13,245,67.0
13,247,240.0
13,249,4.0
13,251,2.0
13,253,0.0
13,255,44.0
13,257,6.0
13,259,0.0
13,261,5.0
13,263,42.0
13,265,24.0
13,267,12.0
13,269,6.0
13,271,3.0
13,273,26.0
13,275,10.0
13,277,6.0
13,279,7.0
13,281,7.0
13,283,12.0
13,285,26.0
13,287,0.0
13,289,54.0
13,291,6.0
13,293,5.0
13,295,52.0
13,297,157.0
13,299,26.0
13,301,10.0
13,303,3.0
13,305,15.0
13,307,0.0
13,309,0.0
13,311,8.0
13,313,61.0
13,315,3.0
13,317,3.0
13,319,26.0
13,321,13.0
15,1,270.0
15,3,858.0
15,5,0.0
15,7,58.0
15,9,86.0
16,1,955.0
16,3,16.0
16,5,44.0
16,7,9.0
16,9,8.0
16,11,108.0
16,13,14.0
16,15,196.0
16,17,25.0
16,19,125.0
16,21,16.0
16,23,0.0
16,25,4.0
16,27,433.0
16,29,6.0
16,31,21.0
16,33,2.0
16,35,4.0
16,37,0.0
16,39,66.0
16,41,2.0
16,43,45.0
16,45,169.0
16,47,63.0
16,49,22.0
16,51,118.0
16,53,92.0
16,55,63.0
16,57,71.0
16,59,0.0
16,61,2.0
16,63,48.0
16,65,44.0
16,67,19.0
16,69,23.0
16,71,1.0
16,73,34.0
16,75,162.0
16,77,20.0
16,79,22.0
16,81,2.0
16,83,68.0
16,85,17.0
16,87,18.0
17,1,19.0
17,3,3.0
17,5,9.0
17,7,329.0
17,9,0.0
17,11,27.0
17,13,3.0
17,15,6.0
17,17,1.0
17,19,84.0
17,21,24.0
17,23,14.0
17,25,8.0
17,27,24.0
17,29,19.0
17,31,1407.0
17,33,7.0
17,35,7.0
17,37,88.0
17,39,7.0
17,41,7.0
17,43,277.0
17,45,8.0
17,47,0.0
17,49,19.0
17,51,5.0
17,53,14.0
17,55,0.0
17,57,5.0
17,59,0.0
17,61,4.0
17,63,35.0
17,65,3.0
17,67,7.0
17,69,0.0
17,71,4.0
17,73,24.0
17,75,10.0
17,77,46.0
17,79,13.0
17,81,27.0
17,83,22.0
17,85,14.0
17,87,0.0
17,89,168.0
17,91,15.0
17,93,101.0
17,95,28.0
17,97,357.0
17,99,53.0
17,101,0.0
17,103,65.0
17,105,28.0
17,107,6.0
17,109,10.0
17,111,144.0
17,113,39.0
17,115,36.0
17,117,54.0
17,119,109.0
17,121,14.0
17,123,2.0
17,125,0.0
17,127,3.0
17,129,2.0
17,131,6.0
17,133,17.0
17,135,32.0
17,137,6.0
17,139,2.0
17,141,138.0
17,143,50.0
17,145,13.0
17,147,8.0
17,149,4.0
17,151,4.0
17,153,3.0
17,155,3.0
17,157,5.0
17,159,10.0
17,161,20.0
17,163,139.0
17,165,2.0
17,167,101.0
17,169,3.0
17,171,4.0
17,173,27.0
17,175,15.0
17,177,31.0
17,179,13.0
17,181,5.0
17,183,15.0
17,185,1.0
17,187,18.0
17,189,21.0
17,191,11.0
17,193,0.0
17,195,23.0
17,197,211.0
17,199,43.0
17,201,525.0
17,203,4.0
18,1,36.0
18,3,255.0
18,5,410.0
18,7,19.0
18,9,20.0
18,11,183.0
18,13,701.0
18,15,150.0
18,17,113.0
18,19,129.0
18,21,52.0
18,23,56.0
18,25,26.0
18,27,11.0
18,29,27.0
18,31,78.0
18,33,47.0
18,35,401.0
18,37,32.0
18,39,140.0
18,41,26.0
18,43,104.0
18,45,22.0
18,47,107.0
18,49,17.0
18,51,26.0
18,53,70.0
18,55,359.0
18,57,338.0
18,59,215.0
18,61,13.0
18,63,145.0
18,65,161.0
18,67,402.0
18,69,90.0
18,71,390.0
18,73,28.0
18,75,49.0
18,77,29.0
18,79,385.0
18,81,144.0
18,83,8.0
18,85,78.0
18,87,10.0
18,89,140.0
18,91,146.0
18,93,46.0
18,95,507.0
18,97,1254.0
18,99,101.0
18,101,12.0
18,103,215.0
18,105,900.0
18,107,17.0
18,109,99.0
18,111,21.0
18,113,53.0
18,115,12.0
18,117,4.0
18,119,271.0
18,121,18.0
18,123,29.0
18,125,10.0
18,127,157.0
18,129,34.0
18,131,18.0
18,133,29.0
18,135,78.0
18,137,97.0
18,139,130.0
18,141,416.0
18,143,14.0
18,145,113.0
18,147,10.0
18,149,90.0
18,151,12.0
18,153,9.0
18,155,33.0
18,157,482.0
18,159,261.0
18,161,44.0
18,163,67.0
18,165,4.0
18,167,50.0
18,169,95.0
18,171,232.0
18,173,20.0
18,175,36.0
18,177,36.0
18,179,47.0
18,181,285.0
18,183,117.0
19,1,6.0
19,3,2.0
19,5,13.0
19,7,1.0
19,9,3.0
19,11,4.0
19,13,28.0
19,15,57.0
19,17,4.0
19,19,13.0
19,21,6.0
19,23,17.0
19,25,2.0
19,27,0.0
19,29,7.0
19,31,19.0
19,33,6.0
19,35,6.0
19,37,3.0
19,39,3.0
19,41,1.0
19,43,11.0
19,45,3.0
19,47,3.0
19,49,70.0
19,51,0.0
19,53,2.0
19,55,4.0
19,57,16.0
19,59,10.0
19,61,19.0
19,63,2.0
19,65,17.0
19,67,0.0
19,69,2.0
19,71,2.0
19,73,14.0
19,75,19.0
19,77,8.0
19,79,10.0
19,81,6.0
19,83,4.0
19,85,6.0
19,87,23.0
19,89,0.0
19,91,5.0
19,93,2.0
19,95,2.0
19,97,0.0
19,99,16.0
19,101,20.0
19,103,81.0
19,105,4.0
19,107,2.0
19,109,9.0
19,111,6.0
19,113,98.0
19,115,70.0
19,117,2.0
19,119,0.0
19,121,20.0
19,123,10.0
19,125,6.0
19,127,7.0
19,129,11.0
19,131,2.0
19,133,3.0
19,135,3.0
19,137,3.0
19,139,75.0
19,141,0.0
19,143,0.0
19,145,7.0
19,147,0.0
19,149,6.0
19,151,0.0
19,153,334.0
19,155,28.0
19,157,9.0
19,159,2.0
19,161,0.0
19,163,36.0
19,165,3.0
19,167,1.0
19,169,71.0
19,171,7.0
19,173,6.0
19,175,2.0
19,177,3.0
19,179,18.0
19,181,49.0
19,183,18.0
19,185,2.0
19,187,6.0
19,189,8.0
19,191,12.0
19,193,23.0
19,195,3.0
19,197,6.0
20,1,43.0
20,3,3.0
20,5,51.0
20,7,3.0
20,9,34.0
20,11,4.0
20,13,33.0
20,15,147.0
20,17,103.0
20,19,0.0
20,21,8.0
20,23,2.0
20,25,0.0
20,27,7.0
20,29,4.0
20,31,9.0
20,33,0.0
20,35,27.0
20,37,6.0
20,39,8.0
20,41,61.0
20,43,58.0
20,45,778.0
20,47,2.0
20,49,4.0
20,51,32.0
20,53,14.0
20,55,23.0
20,57,6.0
20,59,40.0
20,61,143.0
20,63,7.0
20,65,5.0
20,67,0.0
20,69,18.0
20,71,0.0
20,73,5.0
20,75,0.0
20,77,7.0
20,79,172.0
20,81,0.0
20,83,0.0
20,85,45.0
20,87,534.0
20,89,0.0
20,91,576.0
20,93,0.0
20,95,18.0
20,97,0.0
20,99,16.0
20,101,18.0
20,103,586.0
20,105,6.0
20,107,2.0
20,109,5.0
20,111,107.0
20,113,201.0
20,115,122.0
20,117,2.0
20,119,2.0
20,121,29.0
20,123,0.0
20,125,9.0
20,127,14.0
20,129,0.0
20,131,3.0
20,133,27.0
20,135,1.0
20,137,2.0
20,139,26.0
20,141,0.0
20,143,32.0
20,145,12.0
20,147,0.0
20,149,100.0
20,151,6.0
20,153,8.0
20,155,235.0
20,157,4.0
20,159,141.0
20,161,151.0
20,163,2.0
20,165,9.0
20,167,4.0
20,169,49.0
20,171,5.0
20,173,657.0
20,175,6.0
20,177,493.0
20,179,4.0
20,181,4.0
20,183,0.0
20,185,24.0
20,187,0.0
20,189,4.0
20,191,29.0
20,193,2.0
20,195,0.0
20,197,186.0
20,199,0.0
20,201,0.0
20,203,5.0
20,205,12.0
20,207,16.0
20,209,303.0
21,1,8.0
21,3,28.0
21,5,4.0
21,7,8.0
21,9,13.0
21,11,11.0
21,13,2.0
21,15,145.0
21,17,106.0
21,19,16.0
21,21,4.0
21,23,14.0
21,25,3.0
21,27,36.0
21,29,60.0
21,31,146.0
21,33,11.0
21,35,48.0
21,37,90.0
21,39,4.0
21,41,16.0
21,43,24.0
21,45,9.0
21,47,19.0
21,49,82.0
21,51,12.0
21,53,4.0
21,55,13.0
21,57,2.0
21,59,131.0
21,61,107.0
21,63,29.0
21,65,0.0
21,67,281.0
21,69,8.0
21,71,5.0
21,73,77.0
21,75,2.0
21,77,2.0
21,79,54.0
21,81,16.0
21,83,63.0
21,85,14.0
21,87,29.0
21,89,34.0
21,91,8.0
21,93,78.0
21,95,0.0
21,97,12.0
21,99,10.0
21,101,65.0
21,103,88.0
21,105,3.0
21,107,10.0
21,109,0.0
21,111,216.0
21,113,102.0
21,115,5.0
21,117,205.0
21,119,5.0
21,121,27.0
21,123,30.0
21,125,38.0
21,127,22.0
21,129,3.0
21,131,0.0
21,133,3.0
21,135,15.0
21,137,28.0
21,139,7.0
21,141,147.0
21,143,9.0
21,145,38.0
21,147,3.0
21,149,41.0
21,151,51.0
21,153,0.0
21,155,22.0
21,157,37.0
21,159,21.0
21,161,10.0
21,163,32.0
21,165,5.0
21,167,7.0
21,169,3.0
21,171,2.0
21,173,17.0
21,175,13.0
21,177,60.0
21,179,13.0
21,181,24.0
21,183,44.0
21,185,23.0
21,187,2.0
21,189,0.0
21,191,36.0
21,193,6.0
21,195,18.0
21,197,1.0
21,199,19.0
21,201,6.0
21,203,44.0
21,205,12.0
21,207,10.0
21,209,77.0
21,211,139.0
21,213,73.0
21,215,51.0
21,217,22.0
21,219,59.0
21,221,0.0
21,223,7.0
21,225,16.0
21,227,151.0
21,229,10.0
21,231,14.0
21,233,14.0
21,235,29.0
21,237,3.0
21,239,101.0
22,1,19.0
22,3,9.0
22,5,20.0
22,7,65.0
22,9,86.0
22,11,8.0
22,13,12.0
22,15,157.0
22,17,280.0
22,19,99.0
22,21,0.0
22,23,20.0
22,25,0.0
22,27,18.0
22,29,1.0
22,31,12.0
22,33,139.0
22,35,0.0
22,37,10.0
22,39,5.0
22,41,2.0
22,43,32.0
22,45,28.0
22,47,10.0
22,49,6.0
22,51,70.0
22,53,16.0
22,55,57.0
22,57,96.0
22,59,3.0
22,61,12.0
22,63,40.0
22,65,1.0
22,67,3.0
22,69,75.0
22,71,178.0
22,73,19.0
22,75,2.0
22,77,5.0
22,79,109.0
22,81,76.0
22,83,3.0
22,85,8.0
22,87,9.0
22,89,16.0
22,91,22.0
22,93,0.0
22,95,10.0
22,97,19.0
22,99,17.0
22,101,5.0
22,103,103.0
22,105,59.0
22,107,0.0
22,109,90.0
22,111,4.0
22,113,29.0
22,115,7.0
22,117,16.0
22,119,12.0
22,121,17.0
22,123,1.0
22,125,1.0
22,127,21.0
23,1,54.0
23,3,45.0
23,5,342.0
23,7,32.0
23,9,27.0
23,11,73.0
23,13,16.0
23,15,18.0
23,17,24.0
23,19,122.0
23,21,8.0
23,23,52.0
23,25,27.0
23,27,21.0
23,29,13.0
23,31,83.0
24,1,34.0
24,3,196.0
24,5,806.0
24,9,172.0
24,11,35.0
24,13,65.0
24,15,37.0
24,17,35.0
24,19,24.0
24,21,135.0
24,23,34.0
24,25,54.0
24,27,90.0
24,29,5.0
24,31,300.0
24,33,363.0
24,35,21.0
24,37,35.0
24,39,5.0
24,41,7.0
24,43,57.0
24,45,26.0
24,47,35.0
24,510,978.0
25,1,49.0
25,3,79.0
25,5,116.0
25,7,4.0
25,9,282.0
25,11,81.0
25,13,198.0
25,15,110.0
25,17,456.0
25,19,6.0
25,21,132.0
25,23,50.0
25,25,364.0
25,27,162.0
26,1,13.0
26,3,26.0
26,5,789.0
26,7,29.0
26,9,102.0
26,11,17.0
26,13,0.0
26,15,351.0
26,17,113.0
26,19,214.0
26,21,245.0
26,23,68.0
26,25,261.0
26,27,162.0
26,29,85.0
26,31,26.0
26,33,11.0
26,35,100.0
26,37,515.0
26,39,30.0
26,41,12.0
26,43,4.0
26,45,674.0
26,47,64.0
26,49,245.0
26,51,98.0
26,53,5.0
26,55,318.0
26,57,39.0
26,59,54.0
26,61,13.0
26,63,5.0
26,65,953.0
26,67,288.0
26,69,17.0
26,71,3.0
26,73,107.0
26,75,360.0
26,77,551.0
26,79,92.0
26,81,1050.0
26,83,0.0
26,85,30.0
26,87,166.0
26,89,210.0
26,91,94.0
26,93,219.0
26,95,0.0
26,97,15.0
26,99,353.0
26,101,59.0
26,103,35.0
26,105,41.0
26,107,163.0
26,109,19.0
26,111,133.0
26,113,85.0
26,115,197.0
26,117,318.0
26,119,1.0
26,121,440.0
26,123,312.0
26,125,503.0
26,127,123.0
26,129,89.0
26,131,5.0
26,133,56.0
26,135,4.0
26,137,31.0
26,139,632.0
26,141,27.0
26,143,96.0
26,145,174.0
26,147,74.0
26,149,88.0
26,151,10.0
26,153,4.0
26,155,120.0
26,157,56.0
26,159,474.0
26,161,637.0
26,163,1112.0
26,165,111.0
27,1,12.0
27,3,366.0
27,5,89.0
27,7,24.0
27,9,116.0
27,11,0.0
27,13,185.0
27,15,219.0
27,17,52.0
27,19,38.0
27,21,29.0
27,23,6.0
27,25,114.0
27,27,64.0
27,29,76.0
27,31,3.0
27,33,31.0
27,35,18.0
27,37,256.0
27,39,37.0
27,41,70.0
27,43,2.0
27,45,58.0
27,47,112.0
27,49,108.0
27,51,1.0
27,53,905.0
27,55,34.0
27,57,55.0
27,59,150.0
27,61,34.0
27,63,16.0
27,65,90.0
27,67,28.0
27,69,3.0
27,71,4.0
27,73,12.0
27,75,21.0
27,77,0.0
27,79,40.0
27,81,9.0
27,83,41.0
27,85,22.0
27,87,57.0
27,89,6.0
27,91,8.0
27,93,35.0
27,95,50.0
27,97,44.0
27,99,94.0
27,101,13.0
27,103,177.0
27,105,2.0
27,107,28.0
27,109,380.0
27,111,36.0
27,113,2.0
27,115,81.0
27,117,0.0
27,119,24.0
27,121,67.0
27,123,761.0
27,125,6.0
27,127,96.0
27,129,37.0
27,131,81.0
27,133,0.0
27,135,3.0
27,137,367.0
27,139,62.0
27,141,121.0
27,143,23.0
27,145,187.0
27,147,17.0
27,149,5.0
27,151,4.0
27,153,37.0
27,155,0.0
27,157,114.0
27,159,36.0
27,161,5.0
27,163,207.0
27,165,30.0
27,167,51.0
27,169,65.0
27,171,80.0
27,173,27.0
28,1,12.0
28,3,7.0
28,5,11.0
28,7,6.0
28,9,5.0
28,11,12.0
28,13,0.0
28,15,34.0
28,17,11.0
28,19,4.0
28,21,1.0
28,23,14.0
28,25,7.0
28,27,0.0
28,29,7.0
28,31,118.0
28,33,24.0
28,35,117.0
28,37,18.0
28,39,25.0
28,41,19.0
28,43,11.0
28,45,39.0
28,47,58.0
28,49,75.0
28,51,6.0
28,53,8.0
28,55,1.0
28,57,41.0
28,59,101.0
28,61,23.0
28,63,2.0
28,65,23.0
28,67,90.0
28,69,56.0
28,71,59.0
28,73,106.0
28,75,24.0
28,77,11.0
28,79,54.0
28,81,52.0
28,83,14.0
28,85,15.0
28,87,23.0
28,89,35.0
28,91,8.0
28,93,10.0
28,95,31.0
28,97,0.0
28,99,54.0
28,101,29.0
28,103,0.0
28,105,21.0
28,107,79.0
28,109,24.0
28,111,14.0
28,113,18.0
28,115,16.0
28,117,32.0
28,119,48.0
28,121,97.0
28,123,75.0
28,125,6.0
28,127,73.0
28,129,145.0
28,131,11.0
28,133,6.0
28,135,30.0
28,137,3.0
28,139,35.0
28,141,2.0
28,143,2.0
28,145,32.0
28,147,5.0
28,149,1.0
28,151,15.0
28,153,19.0
28,155,0.0
28,157,0.0
28,159,35.0
28,161,19.0
28,163,14.0
29,1,9.0
29,3,41.0
29,5,2.0
29,7,8.0
29,9,43.0
29,11,10.0
29,13,13.0
29,15,13.0
29,17,9.0
29,19,99.0
29,21,94.0
29,23,74.0
29,25,36.0
29,27,93.0
29,29,53.0
29,31,23.0
29,33,12.0
29,35,46.0
29,37,104.0
29,39,8.0
29,41,3.0
29,43,234.0
29,45,14.0
29,47,287.0
29,49,43.0
29,51,22.0
29,53,7.0
29,55,111.0
29,57,19.0
29,59,63.0
29,61,28.0
29,63,26.0
29,65,113.0
29,67,144.0
29,69,3.0
29,71,30.0
29,73,18.0
29,75,4.0
29,77,643.0
29,79,4.0
29,81,7.0
29,83,8.0
29,85,8.0
29,87,0.0
29,89,0.0
29,91,78.0
29,93,8.0
29,95,924.0
29,97,112.0
29,99,108.0
29,101,62.0
29,103,7.0
29,105,46.0
29,107,49.0
29,109,99.0
29,111,19.0
29,113,27.0
29,115,2.0
29,117,14.0
29,119,103.0
29,121,11.0
29,123,18.0
29,125,28.0
29,127,106.0
29,129,0.0
29,131,25.0
29,133,6.0
29,135,7.0
29,137,16.0
29,139,5.0
29,141,27.0
29,143,10.0
29,145,158.0
29,147,12.0
29,149,126.0
29,151,16.0
29,153,14.0
29,155,6.0
29,157,4.0
29,159,15.0
29,161,113.0
29,163,17.0
29,165,170.0
29,167,65.0
29,169,14.0
29,171,0.0
29,173,92.0
29,175,11.0
29,177,39.0
29,179,65.0
29,181,96.0
29,183,95.0
29,185,8.0
29,186,96.0
29,187,95.0
29,189,491.0
29,195,6.0
29,197,0.0
29,199,4.0
29,201,16.0
29,203,175.0
29,205,3.0
29,207,17.0
29,209,109.0
29,211,0.0
29,213,72.0
29,215,68.0
29,217,9.0
29,219,23.0
29,221,63.0
29,223,28.0
29,225,94.0
29,227,0.0
29,229,73.0
29,510,421.0
30,1,4.0
30,3,183.0
30,5,0.0
30,7,21.0
30,9,36.0
30,11,0.0
30,13,141.0
30,15,43.0
30,17,54.0
30,19,0.0
30,21,4.0
30,23,29.0
30,25,0.0
30,27,3.0
30,29,98.0
30,31,171.0
30,33,52.0
30,35,8.0
30,37,0.0
30,39,28.0
30,41,8.0
30,43,224.0
30,45,0.0
30,47,36.0
30,49,205.0
30,51,5.0
30,53,3.0
30,55,2.0
30,57,27.0
30,59,0.0
30,61,0.0
30,63,128.0
30,65,4.0
30,67,88.0
30,69,4.0
30,71,0.0
30,73,4.0
30,75,53.0
30,77,7.0
30,79,4.0
30,81,17.0
30,83,8.0
30,85,2.0
30,87,54.0
30,89,6.0
30,91,0.0
30,93,81.0
30,95,8.0
30,97,0.0
30,99,14.0
30,101,2.0
30,103,0.0
30,105,2.0
30,107,0.0
30,109,0.0
30,111,379.0
31,1,26.0
31,3,7.0
31,5,1.0
31,7,38.0
31,9,2.0
31,11,8.0
31,13,3.0
31,15,0.0
31,17,0.0
31,19,125.0
31,21,6.0
31,23,108.0
31,25,11.0
31,27,7.0
31,29,3.0
31,31,2.0
31,33,12.0
31,35,36.0
31,37,107.0
31,39,2.0
31,41,11.0
31,43,6.0
31,45,4.0
31,47,11.0
31,49,0.0
31,51,6.0
31,53,19.0
31,55,307.0
31,57,2.0
31,59,0.0
31,61,0.0
31,63,70.0
31,65,0.0
31,67,23.0
31,69,2.0
31,71,0.0
31,73,6.0
31,75,0.0
31,77,1.0
31,79,107.0
31,81,23.0
31,83,7.0
31,85,6.0
31,87,4.0
31,89,3.0
31,91,0.0
31,93,6.0
31,95,18.0
31,97,2.0
31,99,128.0
31,101,3.0
31,103,0.0
31,105,1.0
31,107,1.0
31,109,303.0
31,111,22.0
31,113,6.0
31,115,0.0
31,117,14.0
31,119,43.0
31,121,69.0
31,123,5.0
31,125,3.0
31,127,3.0
31,129,4.0
31,131,8.0
31,133,0.0
31,135,1.0
31,137,17.0
31,139,44.0
31,141,110.0
31,143,104.0
31,145,71.0
31,147,6.0
31,149,1.0
31,151,73.0
31,153,97.0
31,155,27.0
31,157,115.0
31,159,9.0
31,161,7.0
31,163,4.0
31,165,80.0
31,167,36.0
31,169,0.0
31,171,0.0
31,173,2.0
31,175,0.0
31,177,47.0
31,179,4.0
31,181,4.0
31,183,0.0
31,185,4.0
32,1,2.0
32,3,251.0
32,5,4.0
32,7,11.0
32,9,0.0
32,11,0.0
32,13,2.0
32,15,0.0
32,17,1.0
32,19,12.0
32,21,1.0
32,23,1.0
32,27,3.0
32,29,6.0
32,31,47.0
32,33,0.0
32,510,11.0
33,1,59.0
33,3,10.0
33,5,93.0
33,7,14.0
33,9,79.0
33,11,178.0
33,13,153.0
33,15,128.0
33,17,50.0
33,19,51.0
34,1,127.0
34,3,137.0
34,5,134.0
34,7,119.0
34,9,22.0
34,11,103.0
34,13,177.0
34,15,146.0
34,17,202.0
34,19,74.0
34,21,216.0
34,23,255.0
34,25,135.0
34,27,122.0
34,29,87.0
34,31,105.0
34,33,72.0
34,35,163.0
34,37,62.0
34,39,109.0
34,41,110.0
35,1,1514.0
35,3,8.0
35,5,19.0
35,6,51.0
35,7,5.0
35,9,52.0
35,11,1.0
35,13,83.0
35,15,15.0
35,17,11.0
35,19,2.0
35,21,0.0
35,23,0.0
35,25,3.0
35,27,6.0
35,28,2.0
35,29,3.0
35,31,74.0
35,33,1.0
35,35,37.0
35,37,6.0
35,39,49.0
35,41,29.0
35,43,237.0
35,45,79.0
35,47,17.0
35,49,136.0
35,51,7.0
35,53,22.0
35,55,12.0
35,57,58.0
35,59,0.0
35,61,93.0
36,1,647.0
36,3,114.0
36,5,2201.0
36,7,177.0
36,9,275.0
36,11,447.0
36,13,180.0
36,15,294.0
36,17,134.0
36,19,98.0
36,21,73.0
36,23,216.0
36,25,323.0
36,27,120.0
36,29,1527.0
36,31,48.0
36,33,52.0
36,35,139.0
36,37,131.0
36,39,73.0
36,41,9.0
36,43,233.0
36,45,39.0
36,47,3629.0
36,49,66.0
36,51,105.0
36,53,126.0
36,55,2074.0
36,57,167.0
36,59,409.0
36,61,2039.0
36,63,286.0
36,65,349.0
36,67,545.0
36,69,262.0
36,71,268.0
36,73,151.0
36,75,73.0
36,77,387.0
36,79,28.0
36,81,3901.0
36,83,223.0
36,85,322.0
36,87,245.0
36,89,64.0
36,91,354.0
36,93,394.0
36,95,109.0
36,97,148.0
36,99,143.0
36,101,376.0
36,103,269.0
36,105,177.0
36,107,100.0
36,109,348.0
36,111,126.0
36,113,153.0
36,115,241.0
36,117,354.0
36,119,269.0
36,121,97.0
36,123,118.0
37,1,275.0
37,3,95.0
37,5,7.0
37,7,17.0
37,9,36.0
37,11,71.0
37,13,70.0
37,15,72.0
37,17,106.0
37,19,34.0
37,21,314.0
37,23,333.0
37,25,434.0
37,27,232.0
37,29,27.0
37,31,29.0
37,33,232.0
37,35,214.0
37,37,461.0
37,39,8.0
37,41,1.0
37,43,9.0
37,45,72.0
37,47,44.0
37,49,83.0
37,51,263.0
37,53,7.0
37,55,5.0
37,57,634.0
37,59,74.0
37,61,38.0
37,63,480.0
37,65,120.0
37,67,819.0
37,69,160.0
37,71,134.0
37,73,2.0
37,75,6.0
37,77,141.0
37,79,49.0
37,81,664.0
37,83,19.0
37,85,259.0
37,87,33.0
37,89,157.0
37,91,81.0
37,93,103.0
37,95,0.0
37,97,212.0
37,99,83.0
37,101,250.0
37,103,65.0
37,105,129.0
37,107,30.0
37,109,109.0
37,111,107.0
37,113,18.0
37,115,66.0
37,117,9.0
37,119,804.0
37,121,17.0
37,123,3.0
37,125,124.0
37,127,164.0
37,129,227.0
37,131,12.0
37,133,90.0
37,135,449.0
37,137,25.0
37,139,18.0
37,141,79.0
37,143,1.0
37,145,76.0
37,147,142.0
37,149,59.0
37,151,266.0
37,153,11.0
37,155,42.0
37,157,156.0
37,159,158.0
37,161,65.0
37,163,70.0
37,165,14.0
37,167,15.0
37,169,166.0
37,171,58.0
37,173,57.0
37,175,47.0
37,177,0.0
37,179,142.0
37,181,89.0
37,183,793.0
37,185,28.0
37,187,2.0
37,189,279.0
37,191,54.0
37,193,93.0
37,195,143.0
37,197,45.0
37,199,34.0
38,1,0.0
38,3,2.0
38,5,2.0
38,7,0.0
38,9,13.0
38,11,0.0
38,13,0.0
38,15,9.0
38,17,73.0
38,19,0.0
38,21,0.0
38,23,0.0
38,25,8.0
38,27,4.0
38,29,0.0
38,31,4.0
38,33,0.0
38,35,13.0
38,37,0.0
38,39,0.0
38,41,0.0
38,43,0.0
38,45,2.0
38,47,0.0
38,49,4.0
38,51,0.0
38,53,15.0
38,55,4.0
38,57,0.0
38,59,6.0
38,61,3.0
38,63,0.0
38,65,6.0
38,67,1.0
38,69,4.0
38,71,2.0
38,73,0.0
38,75,2.0
38,77,4.0
38,79,13.0
38,81,2.0
38,83,0.0
38,85,2.0
38,87,0.0
38,89,6.0
38,91,0.0
38,93,6.0
38,95,0.0
38,97,1.0
38,99,0.0
38,101,5.0
38,103,4.0
38,105,4.0
39,1,44.0
39,3,24.0
39,5,66.0
39,7,82.0
39,9,37.0
39,11,39.0
39,13,10.0
39,15,95.0
39,17,306.0
39,19,17.0
39,21,65.0
39,23,72.0
39,25,181.0
39,27,33.0
39,29,33.0
39,31,28.0
39,33,54.0
39,35,654.0
39,37,16.0
39,39,60.0
39,41,240.0
39,43,56.0
39,45,707.0
39,47,11.0
39,49,1600.0
39,51,31.0
39,53,16.0
39,55,197.0
39,57,145.0
39,59,17.0
39,61,1144.0
39,63,76.0
39,65,55.0
39,67,8.0
39,69,90.0
39,71,87.0
39,73,54.0
39,75,13.0
39,77,25.0
39,79,43.0
39,81,13.0
39,83,40.0
39,85,147.0
39,87,41.0
39,89,433.0
39,91,122.0
39,93,171.0
39,95,504.0
39,97,121.0
39,99,113.0
39,101,51.0
39,103,157.0
39,105,8.0
39,107,18.0
39,109,100.0
39,111,7.0
39,113,279.0
39,115,20.0
39,117,67.0
39,119,76.0
39,121,5.0
39,123,48.0
39,125,51.0
39,127,53.0
39,129,175.0
39,131,127.0
39,133,219.0
39,135,74.0
39,137,9.0
39,139,78.0
39,141,74.0
39,143,62.0
39,145,46.0
39,147,60.0
39,149,32.0
39,151,90.0
39,153,434.0
39,155,96.0
39,157,26.0
39,159,232.0
39,161,7.0
39,163,21.0
39,165,334.0
39,167,13.0
39,169,47.0
39,171,22.0
39,173,239.0
39,175,8.0
40,1,79.0
40,3,3.0
40,5,38.0
40,7,0.0
40,9,4.0
40,11,0.0
40,13,104.0
40,15,14.0
40,17,106.0
40,19,66.0
40,21,172.0
40,23,17.0
40,25,0.0
40,27,293.0
40,29,20.0
40,31,22.0
40,33,13.0
40,35,88.0
40,37,151.0
40,39,18.0
40,41,113.0
40,43,0.0
40,45,0.0
40,47,14.0
40,49,49.0
40,51,36.0
40,53,2.0
40,55,1.0
40,57,0.0
40,59,4.0
40,61,1.0
40,63,12.0
40,65,14.0
40,67,9.0
40,69,165.0
40,71,22.0
40,73,4.0
40,75,3.0
40,77,8.0
40,79,11.0
40,81,15.0
40,83,30.0
40,85,76.0
40,87,94.0
40,89,104.0
40,91,54.0
40,93,3.0
40,95,13.0
40,97,129.0
40,99,35.0
40,101,95.0
40,103,26.0
40,105,76.0
40,107,42.0
40,109,484.0
40,111,98.0
40,113,235.0
40,115,53.0
40,117,19.0
40,119,36.0
40,121,19.0
40,123,110.0
40,125,26.0
40,127,36.0
40,129,4.0
40,131,211.0
40,133,18.0
40,135,60.0
40,137,25.0
40,139,0.0
40,141,0.0
40,143,1167.0
40,145,234.0
40,147,119.0
40,149,22.0
40,151,2.0
40,153,5.0
41,1,0.0
41,3,96.0
41,5,363.0
41,7,16.0
41,9,27.0
41,11,25.0
41,13,65.0
41,15,7.0
41,17,112.0
41,19,42.0
41,21,2.0
41,23,0.0
41,25,0.0
41,27,7.0
41,29,131.0
41,31,26.0
41,33,46.0
41,35,22.0
41,37,1.0
41,39,314.0
41,41,15.0
41,43,113.0
41,45,17.0
41,47,163.0
41,49,13.0
41,51,686.0
41,53,63.0
41,55,0.0
41,57,10.0
41,59,27.0
41,61,7.0
41,63,3.0
41,65,7.0
41,67,318.0
41,69,2.0
41,71,69.0
42,1,187.0
42,3,1051.0
42,5,74.0
42,7,67.0
42,9,17.0
42,11,161.0
42,13,36.0
42,15,141.0
42,17,252.0
42,19,164.0
42,21,38.0
42,23,2.0
42,25,71.0
42,27,41.0
42,29,213.0
42,31,44.0
42,33,90.0
42,35,2.0
42,37,38.0
42,39,242.0
42,41,399.0
42,43,445.0
42,45,175.0
42,47,6.0
42,49,821.0
42,51,54.0
42,53,3.0
42,55,45.0
42,57,7.0
42,59,13.0
42,61,9.0
42,63,41.0
42,65,56.0
42,67,24.0
42,69,210.0
42,71,1386.0
42,73,80.0
42,75,178.0
42,77,128.0
42,79,149.0
42,81,32.0
42,83,11.0
42,85,84.0
42,87,13.0
42,89,235.0
42,91,273.0
42,93,28.0
42,95,69.0
42,97,41.0
42,99,62.0
42,101,565.0
42,103,79.0
42,105,8.0
42,107,66.0
42,109,10.0
42,111,33.0
42,113,16.0
42,115,81.0
42,117,29.0
42,119,7.0
42,121,55.0
42,123,75.0
42,125,98.0
42,127,51.0
42,129,183.0
42,131,61.0
42,133,631.0
44,1,30.0
44,3,42.0
44,5,32.0
44,7,281.0
44,9,29.0
45,1,243.0
45,3,69.0
45,5,22.0
45,7,799.0
45,9,28.0
45,11,39.0
45,13,101.0
45,15,100.0
45,17,62.0
45,19,199.0
45,21,171.0
45,23,119.0
45,25,59.0
45,27,11.0
45,29,30.0
45,31,58.0
45,33,4.0
45,35,128.0
45,37,29.0
45,39,96.0
45,41,37.0
45,43,48.0
45,45,1433.0
45,47,161.0
45,49,36.0
45,51,149.0
45,53,54.0
45,55,181.0
45,57,31.0
45,59,209.0
45,61,90.0
45,63,540.0
45,65,35.0
45,67,9.0
45,69,0.0
45,71,55.0
45,73,92.0
45,75,52.0
45,77,590.0
45,79,1016.0
45,81,54.0
45,83,828.0
45,85,65.0
45,87,78.0
45,89,22.0
45,91,186.0
46,3,0.0
46,5,3.0
46,7,0.0
46,9,0.0
46,11,6.0
46,13,4.0
46,15,0.0
46,17,0.0
46,19,10.0
46,21,0.0
46,23,1.0
46,25,0.0
46,27,4.0
46,29,2.0
46,31,2.0
46,33,4.0
46,35,4.0
46,37,0.0
46,39,0.0
46,41,0.0
46,43,0.0
46,45,0.0
46,47,0.0
46,49,0.0
46,51,0.0
46,53,0.0
46,55,0.0
46,57,0.0
46,59,0.0
46,61,4.0
46,63,0.0
46,65,4.0
46,67,0.0
46,69,0.0
46,71,0.0
46,73,0.0
46,75,0.0
46,77,0.0
46,79,0.0
46,81,12.0
46,83,20.0
46,85,2.0
46,87,3.0
46,89,0.0
46,91,0.0
46,93,26.0
46,95,0.0
46,97,0.0
46,99,28.0
46,101,6.0
46,103,31.0
46,105,0.0
46,107,0.0
46,109,0.0
46,111,0.0
46,113,0.0
46,115,0.0
46,117,2.0
46,119,4.0
46,121,0.0
46,123,0.0
46,125,2.0
46,127,0.0
46,129,0.0
46,135,4.0
46,137,0.0
47,1,20.0
47,3,57.0
47,5,1.0
47,7,22.0
47,9,37.0
47,11,39.0
47,13,6.0
47,15,22.0
47,17,18.0
47,19,37.0
47,21,73.0
47,23,0.0
47,25,5.0
47,27,2.0
47,29,1.0
47,31,34.0
47,33,24.0
47,35,44.0
47,37,1259.0
47,39,4.0
47,41,29.0
47,43,66.0
47,45,24.0
47,47,19.0
47,49,2.0
47,51,34.0
47,53,20.0
47,55,40.0
47,57,2.0
47,59,3.0
47,61,15.0
47,63,16.0
47,65,95.0
47,67,0.0
47,69,6.0
47,71,3.0
47,73,31.0
47,75,7.0
47,77,11.0
47,79,10.0
47,81,35.0
47,83,16.0
47,85,7.0
47,87,18.0
47,89,18.0
47,91,0.0
47,93,106.0
47,95,3.0
47,97,15.0
47,99,29.0
47,101,18.0
47,103,3.0
47,105,11.0
47,107,6.0
47,109,7.0
47,111,7.0
47,113,41.0
47,115,10.0
47,117,105.0
47,119,166.0
47,121,11.0
47,123,16.0
47,125,100.0
47,127,29.0
47,129,53.0
47,131,9.0
47,133,22.0
47,135,0.0
47,137,2.0
47,139,0.0
47,141,46.0
47,143,12.0
47,145,67.0
47,147,124.0
47,149,326.0
47,151,0.0
47,153,5.0
47,155,29.0
47,157,163.0
47,159,80.0
47,161,4.0
47,163,52.0
47,165,143.0
47,167,13.0
47,169,59.0
47,171,16.0
47,173,18.0
47,175,31.0
47,177,13.0
47,179,44.0
47,181,9.0
47,183,15.0
47,185,29.0
47,187,376.0
47,189,292.0
48,1,10.0
48,3,0.0
48,5,19.0
48,7,1.0
48,9,76.0
48,11,0.0
48,13,32.0
48,15,10.0
48,17,0.0
48,19,9.0
48,21,119.0
48,23,2.0
48,25,0.0
48,27,60.0
48,29,1114.0
48,31,11.0
48,33,0.0
48,35,1.0
48,37,6.0
48,39,50.0
48,41,36.0
48,43,6.0
48,45,0.0
48,47,0.0
48,49,5.0
48,51,0.0
48,53,26.0
48,55,193.0
48,57,0.0
48,59,12.0
48,61,668.0
48,63,0.0
48,65,4.0
48,67,13.0
48,69,0.0
48,71,15.0
48,73,7.0
48,75,0.0
48,77,50.0
48,79,0.0
48,81,0.0
48,83,3.0
48,85,255.0
48,87,0.0
48,89,7.0
48,91,112.0
48,93,7.0
48,95,0.0
48,97,10.0
48,99,26.0
48,101,0.0
48,103,2.0
48,105,0.0
48,107,9.0
48,109,12.0
48,111,0.0
48,113,637.0
48,115,0.0
48,117,0.0
48,119,0.0
48,121,229.0
48,123,3.0
48,125,0.0
48,127,0.0
48,129,0.0
48,131,2.0
48,133,0.0
48,135,8.0
48,137,3.0
48,139,52.0
48,141,194.0
48,143,7.0
48,145,18.0
48,147,2.0
48,149,28.0
48,151,4.0
48,153,3.0
48,155,2.0
48,157,212.0
48,159,2.0
48,161,3.0
48,163,0.0
48,165,0.0
48,167,30.0
48,169,3.0
48,171,8.0
48,173,0.0
48,175,6.0
48,177,6.0
48,179,0.0
48,181,11.0
48,183,95.0
48,185,13.0
48,187,100.0
48,189,2.0
48,191,0.0
48,193,0.0
48,195,0.0
48,197,0.0
48,199,3.0
48,201,686.0
48,203,73.0
48,205,0.0
48,207,0.0
48,209,193.0
48,211,0.0
48,213,8.0
48,215,806.0
48,217,6.0
48,219,13.0
48,221,22.0
48,223,2.0
48,225,4.0
48,227,0.0
48,229,19.0
48,231,25.0
48,233,2.0
48,235,6.0
48,237,10.0
48,239,0.0
48,241,8.0
48,243,0.0
48,245,21.0
48,247,0.0
48,249,2.0
48,251,77.0
48,253,4.0
48,255,0.0
48,257,15.0
48,259,17.0
48,261,8.0
48,263,0.0
48,265,6.0
48,267,0.0
48,269,0.0
48,271,0.0
48,273,8.0
48,275,2.0
48,277,57.0
48,279,0.0
48,281,8.0
48,283,0.0
48,285,7.0
48,287,73.0
48,289,0.0
48,291,10.0
48,293,3.0
48,295,0.0
48,297,0.0
48,299,4.0
48,301,0.0
48,303,59.0
48,305,21.0
48,307,0.0
48,309,28.0
48,311,0.0
48,313,0.0
48,315,31.0
48,317,0.0
48,319,0.0
48,321,2.0
48,323,3.0
48,325,45.0
48,327,0.0
48,329,14.0
48,331,4.0
48,333,3.0
48,335,0.0
48,337,0.0
48,339,58.0
48,341,0.0
48,343,10.0
48,345,3.0
48,347,5.0
48,349,10.0
48,351,9.0
48,353,4.0
48,355,27.0
48,357,0.0
48,359,0.0
48,361,9.0
48,363,6.0
48,365,6.0
48,367,37.0
48,369,0.0
48,371,4.0
48,373,0.0
48,375,19.0
48,377,0.0
48,379,0.0
48,381,17.0
48,383,0.0
48,385,0.0
48,387,7.0
48,389,0.0
48,391,0.0
48,393,0.0
48,395,22.0
48,397,42.0
48,399,2.0
48,401,17.0
48,403,7.0
48,405,8.0
48,407,6.0
48,409,2.0
48,411,0.0
48,413,0.0
48,415,0.0
48,417,4.0
48,419,8.0
48,421,0.0
48,423,40.0
48,425,2.0
48,427,20.0
48,429,0.0
48,431,0.0
48,433,0.0
48,435,3.0
48,437,0.0
48,439,531.0
48,441,22.0
48,443,0.0
48,445,0.0
48,447,0.0
48,449,4.0
48,451,8.0
48,453,871.0
48,455,14.0
48,457,2.0
48,459,90.0
48,461,2.0
48,463,32.0
48,465,11.0
48,467,7.0
48,469,12.0
48,471,5.0
48,473,69.0
48,475,0.0
48,477,6.0
48,479,16.0
48,481,7.0
48,483,0.0
48,485,105.0
48,487,11.0
48,489,17.0
48,491,278.0
48,493,56.0
48,495,0.0
48,497,32.0
48,499,8.0
48,501,0.0
48,503,0.0
48,505,0.0
48,507,1.0
49,1,3.0
49,3,38.0
49,5,215.0
49,7,72.0
49,9,91.0
49,11,368.0
49,13,83.0
49,15,11.0
49,17,15.0
49,19,66.0
49,21,101.0
49,23,18.0
49,25,13.0
49,27,14.0
49,29,5.0
49,31,1.0
49,33,1.0
49,35,1910.0
49,37,77.0
49,39,32.0
49,41,58.0
49,43,84.0
49,45,37.0
49,47,119.0
49,49,1338.0
49,51,385.0
49,53,159.0
49,55,6.0
49,57,303.0
50,1,130.0
50,3,37.0
50,5,12.0
50,7,202.0
50,9,3.0
50,11,41.0
50,13,2.0
50,15,22.0
50,17,84.0
50,19,21.0
50,21,35.0
50,23,81.0
50,25,209.0
50,27,116.0
51,1,5.0
51,3,178.0
51,5,7.0
51,7,4.0
51,9,20.0
51,11,32.0
51,13,109.0
51,15,197.0
51,17,0.0
51,19,88.0
51,21,36.0
51,23,111.0
51,25,5.0
51,27,33.0
51,29,12.0
51,31,117.0
51,33,183.0
51,35,108.0
51,36,79.0
51,37,0.0
51,41,349.0
51,43,30.0
51,45,1.0
51,47,48.0
51,49,8.0
51,51,13.0
51,53,94.0
51,57,14.0
51,59,265.0
51,61,91.0
51,63,62.0
51,65,32.0
51,67,270.0
51,69,48.0
51,71,18.0
51,73,6.0
51,75,68.0
51,77,60.0
51,79,11.0
51,81,0.0
51,83,21.0
51,85,106.0
51,87,391.0
51,89,291.0
51,91,0.0
51,93,15.0
51,95,60.0
51,97,12.0
51,99,32.0
51,101,8.0
51,103,0.0
51,105,8.0
51,107,52.0
51,109,57.0
51,111,13.0
51,113,65.0
51,115,2.0
51,117,10.0
51,119,0.0
51,121,80.0
51,125,18.0
51,127,10.0
51,131,3.0
51,133,7.0
51,135,8.0
51,137,105.0
51,139,3.0
51,141,97.0
51,143,207.0
51,145,12.0
51,147,3.0
51,149,26.0
51,153,79.0
51,155,60.0
51,157,0.0
51,159,6.0
51,161,186.0
51,163,43.0
51,165,67.0
51,167,26.0
51,169,47.0
51,171,9.0
51,173,38.0
51,175,13.0
51,177,264.0
51,179,104.0
51,181,4.0
51,183,6.0
51,185,24.0
51,187,42.0
51,191,84.0
51,193,45.0
51,195,15.0
51,197,55.0
51,199,86.0
51,510,74.0
51,515,0.0
51,520,33.0
51,530,12.0
51,540,127.0
51,550,33.0
51,570,8.0
51,580,4.0
51,590,144.0
51,595,0.0
51,600,40.0
51,610,28.0
51,620,9.0
51,630,42.0
51,640,54.0
51,650,24.0
51,660,30.0
51,670,10.0
51,678,12.0
51,680,110.0
51,683,32.0
51,685,4.0
51,690,204.0
51,700,52.0
51,710,66.0
51,720,0.0
51,730,84.0
51,735,1.0
51,740,21.0
51,750,28.0
51,760,544.0
51,770,141.0
51,775,81.0
51,790,80.0
51,800,21.0
51,810,102.0
51,820,52.0
51,830,59.0
51,840,8.0
53,1,10.0
53,3,8.0
53,5,25.0
53,7,7.0
53,9,8.0
53,11,86.0
53,13,0.0
53,15,47.0
53,17,14.0
53,19,12.0
53,21,9.0
53,23,8.0
53,25,15.0
53,27,10.0
53,29,4.0
53,31,18.0
53,33,1560.0
53,35,45.0
53,37,12.0
53,39,7.0
53,41,11.0
53,43,6.0
53,45,10.0
53,47,26.0
53,49,1.0
53,51,10.0
53,53,310.0
53,55,18.0
53,57,84.0
53,59,3.0
53,61,236.0
53,63,248.0
53,65,25.0
53,67,67.0
53,69,31.0
53,71,9.0
53,73,181.0
53,75,48.0
53,77,35.0
54,1,128.0
54,3,42.0
54,5,16.0
54,7,24.0
54,9,94.0
54,11,374.0
54,13,10.0
54,15,12.0
54,17,16.0
54,19,38.0
54,21,40.0
54,23,16.0
54,25,82.0
54,27,16.0
54,29,49.0
54,31,5.0
54,33,306.0
54,35,26.0
54,37,18.0
54,39,220.0
54,41,101.0
54,43,34.0
54,45,30.0
54,47,5.0
54,49,295.0
54,51,66.0
54,53,67.0
54,55,24.0
54,57,16.0
54,59,1.0
54,61,337.0
54,63,47.0
54,65,16.0
54,67,21.0
54,69,42.0
54,71,7.0
54,73,28.0
54,75,55.0
54,77,53.0
54,79,137.0
54,81,35.0
54,83,202.0
54,85,38.0
54,87,28.0
54,89,47.0
54,91,288.0
54,93,33.0
54,95,16.0
54,97,63.0
54,99,327.0
54,101,47.0
54,103,6.0
54,105,0.0
54,107,42.0
54,109,13.0
55,1,280.0
55,3,18.0
55,5,13.0
55,7,25.0
55,9,271.0
55,11,25.0
55,13,11.0
55,15,284.0
55,17,255.0
55,19,106.0
55,21,58.0
55,23,2.0
55,25,375.0
55,27,80.0
55,29,55.0
55,31,96.0
55,33,292.0
55,35,352.0
55,37,6.0
55,39,87.0
55,41,9.0
55,43,4.0
55,45,12.0
55,47,42.0
55,49,2.0
55,51,18.0
55,53,43.0
55,55,90.0
55,57,96.0
55,59,224.0
55,61,9.0
55,63,201.0
55,65,4.0
55,67,22.0
55,69,40.0
55,71,81.0
55,73,203.0
55,75,32.0
55,77,55.0
55,78,12.0
55,79,359.0
55,81,30.0
55,83,38.0
55,85,48.0
55,87,515.0
55,89,67.0
55,91,15.0
55,93,13.0
55,95,22.0
55,97,338.0
55,99,18.0
55,101,98.0
55,103,10.0
55,105,91.0
55,107,9.0
55,109,30.0
55,111,41.0
55,113,8.0
55,115,122.0
55,117,53.0
55,119,48.0
55,121,32.0
55,123,39.0
55,125,29.0
55,127,81.0
55,129,5.0
55,131,66.0
55,133,135.0
55,135,122.0
55,137,127.0
55,139,439.0
55,141,283.0
56,1,15.0
56,3,1.0
56,5,3.0
56,7,23.0
56,9,14.0
56,11,2.0
56,13,7.0
56,15,1.0
56,17,1.0
56,19,0.0
56,21,37.0
56,23,1.0
56,25,30.0
56,27,10.0
56,29,0.0
56,31,4.0
56,33,2.0
56,35,93.0
56,37,4.0
56,39,100.0
56,41,2.0
56,43,0.0
56,45,2.0
72,1,0.0
72,3,1.0
72,5,0.0
72,7,0.0
72,9,0.0
72,11,0.0
72,13,0.0
72,15,0.0
72,17,0.0
72,19,0.0
72,21,7.0
72,23,1.0
72,25,0.0
72,27,0.0
72,29,6.0
72,31,0.0
72,33,0.0
72,35,0.0
72,37,0.0
72,39,0.0
72,41,0.0
72,43,2.0
72,45,0.0
72,47,0.0
72,49,0.0
72,51,0.0
72,53,1.0
72,54,0.0
72,55,0.0
72,57,0.0
72,59,1.0
72,61,13.0
72,63,0.0
72,65,0.0
72,67,0.0
72,69,0.0
72,71,1.0
72,73,0.0
72,75,0.0
72,77,0.0
72,79,0.0
72,81,0.0
72,83,0.0
72,85,0.0
72,87,6.0
72,89,0.0
72,91,0.0
72,93,0.0
72,95,0.0
72,97,0.0
72,99,0.0
72,101,0.0
72,103,0.0
72,105,0.0
72,107,2.0
72,109,0.0
72,111,0.0
72,113,0.0
72,115,0.0
72,117,0.0
72,119,0.0
72,121,0.0
72,123,0.0
72,125,0.0
72,127,9.0
72,129,0.0
72,131,0.0
72,133,0.0
72,135,4.0
72,137,4.0
72,139,6.0
72,141,0.0
72,143,0.0
72,145,0.0
72,147,0.0
72,149,0.0
72,151,0.0
72,153,0.0
